publication_place_control	place_for_edits	N	diff	Source	lat	lon	est_loc	newdiff	country	country_revgeo
""	Algeria	1	142.594767769	arcgis	28.144113769	2.679965933				Algeria
""	Algeria	1	142.594767769	google	28.033886	1.659626				Algeria
at	Austraalia	7	1.93479557	arcgis	-25.70993157	134.484031198			Australia	Australia
at	Austraalia	7	1.93479557	geonames	-25	135			Australia	Australia
at	Austraalia	7	1.93479557	google	-25.274398	133.775136			Australia	Australia
at	Australia	2	1.14442876799999	arcgis	-25.70993157	134.484031198			Australia	Australia
at	Australia	2	1.14442876799999	google	-25.274398	133.775136			Australia	Australia
at	Bathurst	1	213.0206487	google	-33.4111857	149.578693			Australia	Australia
at	Bermagui South	1	184.4947884	arcgis	33.3444933	35.3532897			Australia	Lebanon
at	Bermagui South	1	184.4947884	google	-36.4271922	150.0763926			Australia	Australia
at	Granville	1	235.282850559	geodump	-33.8406	151.00748			Australia	Australia
at	Greenacres, Australia	1	13.3944829	arcgis	-34.8706747	138.6372811			Australia	Australia
at	Greenacres, Australia	1	13.3944829	google	-33.903467	151.0645563			Australia	Australia
at	Rozelle	2	245.090753803	google	-33.8638543	151.1701171			Australia	Australia
at	Sidney	3	309.5191422	geodump	-33.86785	151.20732			Australia	Australia
at	Sidney	3	309.5191422	google	-33.8688197	151.2092955			Australia	Australia
at	Victoria [Australia]	1	1.25232100655199	arcgis	-37.155310006432	144.47239910012			Australia	Australia
at	Victoria [Australia]	1	1.25232100655199	google	-36.9847807	143.3906074			Australia	Australia
au	Austria	1	0.482574057000001	arcgis	47.585810005	14.137076948			Austria	Austria
au	Austria	1	0.482574057000001	google	47.516231	14.550072			Austria	Austria
au	Gratz	2	108.9960391	geodump	47.06667	15.45			Austria	Austria
au	Gratz	2	108.9960391	google	47.0678961	15.4417305			Austria	Austria
be	Belgia	2	0.327930364000003	arcgis	50.640682937	4.661070427			Belgium	Belgium
be	Belgia	2	0.327930364000003	google	50.503887	4.469936			Belgium	Belgium
be	Belgium	1	0.327930364000003	arcgis	50.640682937	4.661070427			Belgium	Belgium
be	Belgium	1	0.327930364000003	google	50.503887	4.469936			Belgium	Belgium
be	Louvain	5	0.305358353000004	arcgis	50.88217327	4.705905083			Belgium	Belgium
be	Louvain	5	0.305358353000004	geodump	50.87959	4.70093			Belgium	Belgium
be	Louvain	5	0.305358353000004	geonames	50.66829	4.61443			Belgium	Belgium
be	Louvain	5	0.305358353000004	google	50.8791453	4.7024648			Belgium	Belgium
be	Luxembourg	5	0.277947753000001	arcgis	49.776828429	6.092325247			Belgium	Luxembourg
be	Luxembourg	5	0.277947753000001	geodump	49.61167	6.13			Belgium	Luxembourg
be	Luxembourg	5	0.277947753000001	geonames	49.75	6.16667			Belgium	Luxembourg
be	Luxembourg	5	0.277947753000001	google	49.815273	6.129583			Belgium	Luxembourg
be	Oxford	1	268.2599463	arcgis	51.751982637	-1.257628796			Belgium	UK:Great Britain
be	Oxford	1	268.2599463	geodump	51.75222	-1.25596			Belgium	UK:Great Britain
be	Oxford	1	268.2599463	google	51.7520209	-1.2577263			Belgium	UK:Great Britain
bu	Bulgaaria	2	0.270543150999998	arcgis	42.755008391	25.23641224			Bulgaria	Bulgaria
bu	Bulgaaria	2	0.270543150999998	google	42.733883	25.48583			Bulgaria	Bulgaria
bu	Ruse	1	13.202156236	geodump	43.84872	25.9534			Bulgaria	Bulgaria
bw	Мiнск	19	7.4460325	arcgis	53.2599632	34.3643666			Belarus	Russia
bw	Мiнск	19	7.4460325	geonames	53.9	27.56667			Belarus	Belarus
bw	Мiнск	19	7.4460325	google	53.9006011	27.558972			Belarus	Belarus
dk	Fredrikshavn	1	19.818533	google	57.442711	10.521006			Denmark	Denmark
dk	Holte	1	7.5451027	arcgis	55.8077991	12.4487593			Denmark	Denmark:Sjaelland
dk	Holte	1	7.5451027	geodump	55.81667	12.46667			Denmark	Denmark:Sjaelland
dk	Latvia	1	0.348675136000004	arcgis	56.85460987	24.926839006			Denmark	Latvia
dk	Latvia	1	0.348675136000004	google	56.879635	24.603189			Denmark	Latvia
dk	Luxembourg	5	0.277947753000001	arcgis	49.776828429	6.092325247			Denmark	Luxembourg
dk	Luxembourg	5	0.277947753000001	geodump	49.61167	6.13			Denmark	Luxembourg
dk	Luxembourg	5	0.277947753000001	geonames	49.75	6.16667			Denmark	Luxembourg
dk	Luxembourg	5	0.277947753000001	google	49.815273	6.129583			Denmark	Luxembourg
dk	Taani	7	0.856768274999997	arcgis	55.959300779	10.053934054			Denmark	Denmark
dk	Taani	7	0.856768274999997	geonames	56	10			Denmark	Denmark
dk	Taani	7	0.856768274999997	google	56.26392	9.501785			Denmark	Denmark
dk	Viborg	3	23.612086	geodump	60.70763	28.75283			Denmark	Russia
dk	Latvia	1	0.348675136000004	arcgis	56.85460987	24.926839006		0.348675136000004	Denmark	Latvia
dk	Latvia	1	0.348675136000004	google	56.879635	24.603189		0.348675136000004	Denmark	Latvia
er	Ameerika Ühendriigid	2	7.724326666	arcgis	39.398703156	-99.41461919			Estonia	USA
er	Ameerika Ühendriigid	2	7.724326666	google	38.7945952	-106.5348379			Estonia	USA
er	Araabia Ühendemiraadid	1	0.969833805000007	arcgis	23.914869621	54.326858184			Estonia	United Arab Emirates
er	Araabia Ühendemiraadid	1	0.969833805000007	google	23.424076	53.847818			Estonia	United Arab Emirates
er	Barby	2	26.913391301	geonames	59.85814	17.81729			Estonia	Sweden
er	Bergen	1	11.292780138	geodump	60.39299	5.32415			Estonia	Norway
er	Bergen	1	11.292780138	google	60.3912628	5.3220544			Estonia	Norway
er	California	1	44.836776707	arcgis	36.374105693	-119.27023			Estonia	USA
er	California	1	44.836776707	geodump	38.3004	-76.50745			Estonia	USA
er	California	1	44.836776707	google	36.778261	-119.4179324			Estonia	USA
er	Czech Republic	1	0.219829681999988	arcgis	49.738854038	15.33177028			Estonia	Czech Republic
er	Czech Republic	1	0.219829681999988	google	49.817492	15.472962			Estonia	Czech Republic
er	Dresdenis-Fr	1	17.808945758	google	51.0504088	13.7372621			Estonia	Germany
er	Euroopa Liit	248	16.7141301	geonames	50.83857	4.37599			Estonia	Belgium
er	Great Britain	1	3.436077851	arcgis	53.408386605	-1.969559544			Estonia	UK:Great Britain
er	Great Britain	1	3.436077851	google	55.378051	-3.435973			Estonia	UK:Great Britain
er	Herrnhut	2	112.330299401	arcgis	51.015492	14.743970001			Estonia	Germany
er	Herrnhut	2	112.330299401	geodump	51.01624	14.74381			Estonia	Germany
er	Herrnhut	2	112.330299401	google	51.0172494	14.7406151			Estonia	Germany
er	Hiina	419	2.637321365	arcgis	36.567348398	103.930027033			Estonia	China
er	Hiina	419	2.637321365	geonames	35	105			Estonia	China
er	Hiina	419	2.637321365	google	35.86166	104.195397			Estonia	China
er	Hispaania	3	0.338874235000008	arcgis	40.22794966	-3.646063105			Estonia	Spain
er	Hispaania	3	0.338874235000008	google	40.463667	-3.74922			Estonia	Spain
er	Holland	1	101.186911691	arcgis	52.249375293	5.616126398			Estonia	Netherlands
er	Holland	1	101.186911691	google	52.132633	5.291266			Estonia	Netherlands
er	India	66	83.816152548	arcgis	23.379379735	79.443326548			Estonia	India
er	India	66	83.816152548	geonames	22	79			Estonia	India
er	India	66	83.816152548	google	20.593684	78.96288			Estonia	India
er	Itaalia	5	1.22733999999999	arcgis	42.83333	12.83333			Estonia	Italy
er	Itaalia	5	1.22733999999999	google	41.87194	12.56738			Estonia	Italy
er	Italy	1	100.15562	arcgis	42.83333	12.83333			Estonia	Italy
er	Italy	1	100.15562	google	41.87194	12.56738			Estonia	Italy
er	Kosel	2	24.412005099	arcgis	54.505334999	9.754483			Estonia	Germany
er	Latvia	2	0.348675136000004	arcgis	56.85460987	24.926839006			Estonia	Latvia
er	Latvia	2	0.348675136000004	google	56.879635	24.603189			Estonia	Latvia
er	Luxembourg	3	0.277947753000001	arcgis	49.776828429	6.092325247			Estonia	Luxembourg
er	Luxembourg	3	0.277947753000001	geodump	49.61167	6.13			Estonia	Luxembourg
er	Luxembourg	3	0.277947753000001	geonames	49.75	6.16667			Estonia	Luxembourg
er	Luxembourg	3	0.277947753000001	google	49.815273	6.129583			Estonia	Luxembourg
er	Malaisia	26	12.234718	arcgis	2.5	112.5			Estonia	Malaysia:Sarawak
er	Malaisia	26	12.234718	google	4.210484	101.975766			Estonia	Malaysia:Malay Penninsula
er	Mitau	3	86.3704188	geodump	56.65	23.71278			Estonia	Latvia
er	Mitau	3	86.3704188	geonames	56.65	23.71278			Estonia	Latvia
er	Mitau	3	86.3704188	google	56.6511478	23.7196411			Estonia	Latvia
er	Morrisville	2	8.4294793	arcgis	35.8196428	-78.8230189			Estonia	USA
er	Morrisville	2	8.4294793	geodump	40.2115	-74.78794			Estonia	USA
er	Morrisville	2	8.4294793	google	35.823483	-78.8255621			Estonia	USA
er	Narvik	1	0.368197834447003	arcgis	68.277329416779	17.220232348774			Estonia	Norway
er	Poland	4	102.85534914	arcgis	52.123790154	19.398768986			Estonia	Poland
er	Poland	4	102.85534914	google	51.919438	19.145136			Estonia	Poland
er	Poola	30	1.059216154	arcgis	52.123790154	19.398768986			Estonia	Poland
er	Poola	30	1.059216154	geonames	52	20			Estonia	Poland
er	Poola	30	1.059216154	google	51.919438	19.145136			Estonia	Poland
er	Posen	1	115.3879356	geodump	52.40692	16.92993			Estonia	Poland
er	Posen	1	115.3879356	geonames	52.40692	16.92993			Estonia	Poland
er	Posen	1	115.3879356	google	52.4056786	16.9312766			Estonia	Poland
er	Prantsusmaa	1	0.668569997000001	arcgis	46.559417044	2.550539953			Estonia	France
er	Prantsusmaa	1	0.668569997000001	google	46.227638	2.213749			Estonia	France
er	San Francisco	1	58.9116286	arcgis	37.7800771	-122.4201615			Estonia	USA
er	San Francisco	1	58.9116286	geodump	37.77493	-122.41942			Estonia	USA
er	San Francisco	1	58.9116286	google	37.7749295	-122.4194155			Estonia	USA
er	Suurbritannia	2	3.436077851	arcgis	53.408386605	-1.969559544			Estonia	UK:Great Britain
er	Suurbritannia	2	3.436077851	geonames	54.75844	-2.69531			Estonia	UK:Great Britain
er	Suurbritannia	2	3.436077851	google	55.378051	-3.435973			Estonia	UK:Great Britain
er	Sweden	1	5.96743759099999	arcgis	64.712585547	17.260487956			Estonia	Sweden
er	United Kingdom	1	3.436077851	arcgis	53.408386605	-1.969559544			Estonia	UK:Great Britain
er	United Kingdom	1	3.436077851	geonames	54.75844	-2.69531			Estonia	UK:Great Britain
er	United Kingdom	1	3.436077851	google	55.378051	-3.435973			Estonia	UK:Great Britain
er	Venemaa	2	10.502910649	arcgis	61.989526183	96.805371534			Estonia	Russia
er	Venemaa	2	10.502910649	geonames	60	100			Estonia	Russia
er	Venemaa	2	10.502910649	google	61.52401	105.318756			Estonia	Russia
er	Washington	2	52.5792382	arcgis	38.8920621	-77.0199124			Estonia	USA
er	Washington	2	52.5792382	geodump	38.89511	-77.03637			Estonia	USA
er	Washington	2	52.5792382	geonames	38.89511	-77.03637			Estonia	USA
er	Washington	2	52.5792382	google	47.7510741	-120.7401386			Estonia	USA
er	Woodsville	1	55.2283849	arcgis	44.1421692	-72.0293451			Estonia	USA
er	Woodsville	1	55.2283849	geodump	36.09356	-119.199			Estonia	USA
er	Woodsville	1	55.2283849	geonames	44.15229	-72.03731			Estonia	USA
er	Woodsville	1	55.2283849	google	44.1512867	-72.0367187			Estonia	USA
er	Индия	3	3.266142283	arcgis	23.379379735	79.443326548			Estonia	India
er	Индия	3	3.266142283	google	20.593684	78.96288			Estonia	India
er	Калинин	1	51.903562	geodump	56.85836	35.90057			Estonia	Russia
er	Кегель	9	27.8834414	arcgis	57.9775383	56.1890203			Estonia	Russia
er	Ленинград	6	1.7548116	arcgis	59.93863	30.31413			Estonia	Russia
er	Ленинград	6	1.7548116	geodump	59.93863	30.31413			Estonia	Russia
er	Ленинград	6	1.7548116	geonames	60	32			Estonia	Russia
er	Ленинград	6	1.7548116	google	59.9310584	30.3609097			Estonia	Russia
er	Польша	1	0.457985139999998	arcgis	52.123790154	19.398768986			Estonia	Poland
er	Польша	1	0.457985139999998	google	51.919438	19.145136			Estonia	Poland
er	Польща	1	0.457985139999998	arcgis	52.123790154	19.398768986			Estonia	Poland
er	Польща	1	0.457985139999998	google	51.919438	19.145136			Estonia	Poland
er	С.-Петербург	4	130.4735397	arcgis	59.93863	30.31413			Estonia	Russia
er	Alliku	21	1.42279959999999	arcgis	59.3616264	24.5863911	TRUE	1.42279959999999	Estonia	Estonia
er	Alliku	21	1.42279959999999	geodump	58.81583	25.45389	TRUE	1.42279959999999	Estonia	Estonia
er	Alliku	21	1.42279959999999	geonames	58.81583	25.45389	TRUE	1.42279959999999	Estonia	Estonia
er	Alliku	21	1.42279959999999	google	59.364696	24.5799564	TRUE	1.42279959999999	Estonia	Estonia
er	Eesti	1049	1.391121	arcgis	58.672040787	25.477224001	TRUE	0.540385787999998	Estonia	Estonia
er	Eesti	1049	1.391121	google	58.595272	25.013607	TRUE	0.540385787999998	Estonia	Estonia
er	Estland	11	1.391121	arcgis	58.672040787	25.477224001	TRUE	0.540385787999998	Estonia	Estonia
er	Estland	11	1.391121	google	58.595272	25.013607	TRUE	0.540385787999998	Estonia	Estonia
er	Estonia	5	1.391121	arcgis	58.672040787	25.477224001	TRUE	0.540385787999998	Estonia	Estonia
er	Estonia	5	1.391121	google	58.595272	25.013607	TRUE	0.540385787999998	Estonia	Estonia
er	Halliste	31	0.739582000000002	arcgis	58.1638498	25.4408758	TRUE	0.739582000000002	Estonia	Estonia
er	Halliste	31	0.739582000000002	geodump	58.33667	25.09833	TRUE	0.739582000000002	Estonia	Estonia
er	Halliste	31	0.739582000000002	geonames	58.5075	25.04583	TRUE	0.739582000000002	Estonia	Estonia
er	Halliste	31	0.739582000000002	google	58.1629638	25.4397766	TRUE	0.739582000000002	Estonia	Estonia
er	Harju	3	2.72204120000001	arcgis	59.308064163115	24.92402310342	TRUE	0.348033933465008	Estonia	Estonia
er	Harju	3	2.72204120000001	google	59.3334239	25.2466973	TRUE	0.348033933465008	Estonia	Estonia
er	Harku	23	0.527519999999996	arcgis	59.3894137	24.579197	TRUE	0.527519999999996	Estonia	Estonia
er	Harku	23	0.527519999999996	geodump	59.1325	24.37111	TRUE	0.527519999999996	Estonia	Estonia
er	Harku	23	0.527519999999996	geonames	59.41455	24.61658	TRUE	0.527519999999996	Estonia	Estonia
er	Harku	23	0.527519999999996	google	59.3850036	24.6011568	TRUE	0.527519999999996	Estonia	Estonia
er	Jaagupi	5	0.620423599999995	arcgis	58.0355277	24.4614587	TRUE	0.620423599999995	Estonia	Estonia
er	Jaagupi	5	0.620423599999995	geodump	58.61052	24.50689	TRUE	0.620423599999995	Estonia	Estonia
er	Jaagupi	5	0.620423599999995	geonames	58.61052	24.50689	TRUE	0.620423599999995	Estonia	Estonia
er	Jaagupi	5	0.620423599999995	google	58.0514451	24.4732155	TRUE	0.620423599999995	Estonia	Estonia
er	Jäneda [Harjumaa]	1	0.833003959694992	arcgis	59.308064163115	24.92402310342	TRUE	0.833003959694992	Estonia	Estonia
er	Jäneda [Harjumaa]	1	0.833003959694992	google	59.2458618	25.6948247	TRUE	0.833003959694992	Estonia	Estonia
er	Jäneda [Järvamaa]	4	0.408112156790661	arcgis	58.910303058693	25.618066283917	TRUE	0.408112156790661	Estonia	Estonia
er	Jäneda [Järvamaa]	4	0.408112156790661	google	59.2193700971134	25.7171114022873	TRUE	0.408112156790661	Estonia	Estonia
er	Kaansoo (Raplamaa)	1	0.868239348131009	arcgis	58.929737310656	24.665473362525	TRUE	0.868239348131009	Estonia	Estonia
er	Kaansoo (Raplamaa)	1	0.868239348131009	google	58.5792049	25.1831803	TRUE	0.868239348131009	Estonia	Estonia
er	Kangru	1	0.752108499999999	arcgis	59.3533293	24.778547	TRUE	0.752108499999999	Estonia	Estonia
er	Kangru	1	0.752108499999999	geodump	58.81861	24.57056	TRUE	0.752108499999999	Estonia	Estonia
er	Kangru	1	0.752108499999999	google	59.3504174	24.7879492	TRUE	0.752108499999999	Estonia	Estonia
er	Karla (Harjumaa)	1	0.405206899999989	arcgis	59.1665497	25.1254669	TRUE	0.405206899999989	Estonia	Estonia
er	Karla (Harjumaa)	1	0.405206899999989	google	59.3767962	24.9305065	TRUE	0.405206899999989	Estonia	Estonia
er	Koigi	8	0.5916143	arcgis	58.8339082	25.7602844	TRUE	0.5916143	Estonia	Estonia
er	Koigi	8	0.5916143	geodump	59.17167	25.97306	TRUE	0.5916143	Estonia	Estonia
er	Koigi	8	0.5916143	geonames	59.17167	25.97306	TRUE	0.5916143	Estonia	Estonia
er	Koigi	8	0.5916143	google	58.8184245	25.7346912	TRUE	0.5916143	Estonia	Estonia
er	Kolga	5	1.3291131	arcgis	59.4911941	25.6135569	TRUE	1.3291131	Estonia	Estonia
er	Kolga	5	1.3291131	geodump	59.5299	25.71294	TRUE	1.3291131	Estonia	Estonia
er	Kolga	5	1.3291131	geonames	58.53306	25.94583	TRUE	1.3291131	Estonia	Estonia
er	Kolga	5	1.3291131	google	59.4922573	25.639508	TRUE	1.3291131	Estonia	Estonia
er	Kurkund-Nõmme	2	1.5064895	arcgis	58.15028	24.96417	TRUE	1.5064895	Estonia	Estonia
er	Kurkund-Nõmme	2	1.5064895	google	59.3799555	24.687356	TRUE	1.5064895	Estonia	Estonia
er	Kuusalu vald	1	0.294452599999985	arcgis	59.459400802102	25.648285738271	TRUE	0.294452599999985	Estonia	Estonia
er	Kuusalu vald	1	0.294452599999985	geodump	59.44389	25.44139	TRUE	0.294452599999985	Estonia	Estonia
er	Kuusalu vald	1	0.294452599999985	google	59.4873216	25.692411	TRUE	0.294452599999985	Estonia	Estonia
er	Käru [Raplamaa]	1	0.600342210525984	arcgis	59.11016499815	24.803991487624	TRUE	0.600342210525984	Estonia	Estonia
er	Käru [Raplamaa]	1	0.600342210525984	google	58.8810436	25.1752123	TRUE	0.600342210525984	Estonia	Estonia
er	Laane	3	1.7949068	arcgis	59.1834984	25.3854918	TRUE	0.5856602	Estonia	Estonia
er	Laane	3	1.7949068	geodump	58.9	25.08333	TRUE	0.5856602	Estonia	Estonia
er	Latvia	2	0.348675136000004	arcgis	56.85460987	24.926839006		0.348675136000004	Estonia	Latvia
er	Latvia	2	0.348675136000004	google	56.879635	24.603189		0.348675136000004	Estonia	Latvia
er	Lehtse [Järvamaa]	2	0.275556149461007	arcgis	59.03398004151	25.883626090971	TRUE	0.275556149461007	Estonia	Estonia
er	Lehtse [Järvamaa]	2	0.275556149461007	google	59.2507157	25.8248056	TRUE	0.275556149461007	Estonia	Estonia
er	Linnumetsa (Harjumaa)	1	0.761343573587006	arcgis	59.370732725248	24.957011348339	TRUE	0.761343573587006	Estonia	Estonia
er	Linnumetsa (Harjumaa)	1	0.761343573587006	google	59.1292099	24.4371906	TRUE	0.761343573587006	Estonia	Estonia
er	Luige	52	1.7785766	arcgis	59.3263086	24.7769619	TRUE	1.7785766	Estonia	Estonia
er	Luige	52	1.7785766	geodump	59.32723	24.77613	TRUE	1.7785766	Estonia	Estonia
er	Luige	52	1.7785766	geonames	58.75833	25.98472	TRUE	1.7785766	Estonia	Estonia
er	Luige	52	1.7785766	google	59.328246	24.7760594	TRUE	1.7785766	Estonia	Estonia
er	Läti	25	3.09220113	arcgis	56.85460987	24.926839006	TRUE	3.09220113	Estonia	Latvia
er	Läti	25	3.09220113	geodump	59.35	25.2	TRUE	3.09220113	Estonia	Estonia
er	Läti	25	3.09220113	geonames	57	25	TRUE	3.09220113	Estonia	Latvia
er	Läti	25	3.09220113	google	56.879635	24.603189	TRUE	3.09220113	Estonia	Latvia
er	Maardu [Tallinn]	2	0.249930899999988	arcgis	59.4426896	24.7531972	TRUE	0.249930899999988	Estonia	Estonia
er	Maardu [Tallinn]	2	0.249930899999988	google	59.4568032	24.9890145	TRUE	0.249930899999988	Estonia	Estonia
er	Madise	10	1.70296529999999	arcgis	59.2880468	24.1273015	TRUE	1.70296529999999	Estonia	Estonia
er	Madise	10	1.70296529999999	geodump	59.11639	25.65861	TRUE	1.70296529999999	Estonia	Estonia
er	Madise	10	1.70296529999999	geonames	59.11639	25.65861	TRUE	1.70296529999999	Estonia	Estonia
er	Madise	10	1.70296529999999	google	59.2821907	24.131277	TRUE	1.70296529999999	Estonia	Estonia
er	Maidla	4	0.491304600000003	arcgis	59.246485	24.6495132	TRUE	0.491304600000003	Estonia	Estonia
er	Maidla	4	0.491304600000003	geodump	59.23306	24.61611	TRUE	0.491304600000003	Estonia	Estonia
er	Maidla	4	0.491304600000003	google	59.0517762	24.9127058	TRUE	0.491304600000003	Estonia	Estonia
er	Metsaääre (Raplamaa)	4	0.430508199999998	arcgis	58.9369583	24.8729618	TRUE	0.430508199999998	Estonia	Estonia
er	Metsaääre (Raplamaa)	4	0.430508199999998	geonames	58.84612	24.53344	TRUE	0.430508199999998	Estonia	Estonia
er	Metsaääre (Raplamaa)	4	0.430508199999998	google	58.8459719	24.5400791	TRUE	0.430508199999998	Estonia	Estonia
er	Mustla	4	1.6838077	arcgis	59.0550005	25.4352463	TRUE	1.6838077	Estonia	Estonia
er	Mustla	4	1.6838077	geodump	58.13417	25.10028	TRUE	1.6838077	Estonia	Estonia
er	Mustla	4	1.6838077	google	58.2338679	25.8632572	TRUE	1.6838077	Estonia	Estonia
er	Mõisaküla	7	1.589819	arcgis	59.328829	24.83318	TRUE	1.589819	Estonia	Estonia
er	Mõisaküla	7	1.589819	geodump	58.09222	25.18639	TRUE	1.589819	Estonia	Estonia
er	Mõisaküla	7	1.589819	geonames	58.09222	25.18639	TRUE	1.589819	Estonia	Estonia
er	Mõisaküla	7	1.589819	google	58.0925017	25.1831324	TRUE	1.589819	Estonia	Estonia
er	Mõnuka (Harjumaa)	3	0.348033933465008	arcgis	59.308064163115	24.92402310342	TRUE	0.348033933465008	Estonia	Estonia
er	Mõnuka (Harjumaa)	3	0.348033933465008	google	59.3334239	25.2466973	TRUE	0.348033933465008	Estonia	Estonia
er	Navesti	1	0.223922048829937	arcgis	58.5848008	25.530887	TRUE	0.223922048829937	Estonia	Estonia
er	Navesti	1	0.223922048829937	geodump	58.58194	25.52333	TRUE	0.223922048829937	Estonia	Estonia
er	Navesti	1	0.223922048829937	google	58.6325567375325	25.3575816887026	TRUE	0.223922048829937	Estonia	Estonia
er	Nõmme	6	1.5146614	arcgis	59.3750035	24.6791841	TRUE	1.5146614	Estonia	Estonia
er	Nõmme	6	1.5146614	geodump	58.15028	24.96417	TRUE	1.5146614	Estonia	Estonia
er	Nõmme	6	1.5146614	geonames	59.37757	24.68587	TRUE	1.5146614	Estonia	Estonia
er	Nõmme	6	1.5146614	google	59.3799555	24.687356	TRUE	1.5146614	Estonia	Estonia
er	Pikavere	10	1.66181309999999	arcgis	59.2784651	25.1372963	TRUE	1.66181309999999	Estonia	Estonia
er	Pikavere	10	1.66181309999999	geodump	58.58028	24.18833	TRUE	1.66181309999999	Estonia	Estonia
er	Pikavere	10	1.66181309999999	geonames	59.28963	25.13327	TRUE	1.66181309999999	Estonia	Estonia
er	Pikavere	10	1.66181309999999	google	59.2931268	25.128692	TRUE	1.66181309999999	Estonia	Estonia
er	Pikavere küla	1	1.6623742	arcgis	59.29278	25.13285	TRUE	1.6623742	Estonia	Estonia
er	Pikavere küla	1	1.6623742	google	58.579091	24.1841648	TRUE	1.6623742	Estonia	Estonia
er	Polli	22	1.9389	arcgis	59.0449366	24.5312928	TRUE	1.9389	Estonia	Estonia
er	Polli	22	1.9389	geodump	58.12444	25.54556	TRUE	1.9389	Estonia	Estonia
er	Polli	22	1.9389	geonames	59.0475	24.52972	TRUE	1.9389	Estonia	Estonia
er	Puiatu	1	0.735913200000013	arcgis	58.7166572	25.7943142	TRUE	0.735913200000013	Estonia	Estonia
er	Puiatu	1	0.735913200000013	geodump	58.36167	25.42056	TRUE	0.735913200000013	Estonia	Estonia
er	Puiatu	1	0.735913200000013	google	58.3544982	25.4223769	TRUE	0.735913200000013	Estonia	Estonia
er	Pärnumaa	5	0.235409299999997	arcgis	58.427546478695	24.474929838756	TRUE	0.235409299999997	Estonia	Estonia
er	Pärnumaa	5	0.235409299999997	geonames	58.38588	24.49711	TRUE	0.235409299999997	Estonia	Estonia
er	Pärnumaa	5	0.235409299999997	google	58.5261952	24.4020159	TRUE	0.235409299999997	Estonia	Estonia
er	Rassi [Viljandimaa]	1	0.455159500000001	arcgis	58.53722	25.70139	TRUE	0.455159500000001	Estonia	Estonia
er	Rassi [Viljandimaa]	1	0.455159500000001	google	58.6368927	25.3459032	TRUE	0.455159500000001	Estonia	Estonia
er	Saarde-Pärnu	1	1.09164616015201	arcgis	58.460215692623	24.174569232471	TRUE	1.09164616015201	Estonia	Estonia
er	Saarde-Pärnu	1	1.09164616015201	google	58.1304495	24.9364492	TRUE	1.09164616015201	Estonia	Estonia
er	Salutaguse	4	1.3047116	arcgis	58.9914457	25.9369973	TRUE	1.3047116	Estonia	Estonia
er	Salutaguse	4	1.3047116	geodump	59.17194	24.81278	TRUE	1.3047116	Estonia	Estonia
er	Salutaguse	4	1.3047116	google	59.160392	24.8164659	TRUE	1.3047116	Estonia	Estonia
er	Sääsküla	2	0.530323700000011	arcgis	59.107027	25.2332185	TRUE	0.530323700000011	Estonia	Estonia
er	Sääsküla	2	0.530323700000011	geodump	59.155	25.71472	TRUE	0.530323700000011	Estonia	Estonia
er	Sääsküla	2	0.530323700000011	google	59.1558492	25.7119908	TRUE	0.530323700000011	Estonia	Estonia
er	Sõmeru	17	1.8902121	arcgis	59.2568585	24.8842279	TRUE	0.955400600000004	Estonia	Estonia
er	Sõmeru	17	1.8902121	geonames	59.02417	25.60694	TRUE	0.955400600000004	Estonia	Estonia
er	Tallinn - Särghaua	2	1.25421619999998	arcgis	58.27667	24.8475	TRUE	1.25421619999998	Estonia	Estonia
er	Tallinn - Särghaua	2	1.25421619999998	google	59.4369608	24.7535746	TRUE	1.25421619999998	Estonia	Estonia
er	Turbaneeme [Harjumaa	1	0.813758799999992	arcgis	59.61694	25.77694	TRUE	0.813758799999992	Estonia	Estonia
er	Turbaneeme [Harjumaa	1	0.813758799999992	google	59.3334239	25.2466973	TRUE	0.813758799999992	Estonia	Estonia
er	Uusküla	1	0.9155102	arcgis	59.477401	24.9920888	TRUE	0.9155102	Estonia	Estonia
er	Uusküla	1	0.9155102	geodump	59.51417	25.87083	TRUE	0.9155102	Estonia	Estonia
er	Uusküla	1	0.9155102	google	59.4907568	25.0056371	TRUE	0.9155102	Estonia	Estonia
er	Vahastu	1	0.8801095	arcgis	59.4550493	25.5997622	TRUE	0.8801095	Estonia	Estonia
er	Vahastu	1	0.8801095	geodump	58.94889	25.26167	TRUE	0.8801095	Estonia	Estonia
er	Vahastu	1	0.8801095	google	58.9274	25.247302	TRUE	0.8801095	Estonia	Estonia
er	Vana-Järve	1	1.70093776923201	arcgis	59.385661831771	24.382624162539	TRUE	1.70093776923201	Estonia	Estonia
er	Vana-Järve	1	1.70093776923201	google	58.0217999	24.7197	TRUE	1.70093776923201	Estonia	Estonia
er	Vanamõisa	3	1.17579099999999	arcgis	59.0878072	25.4537043	TRUE	1.17579099999999	Estonia	Estonia
er	Vanamõisa	3	1.17579099999999	geodump	59.3222	24.51796	TRUE	1.17579099999999	Estonia	Estonia
er	Vanamõisa	3	1.17579099999999	google	59.3278539	24.5187787	TRUE	1.17579099999999	Estonia	Estonia
er	Vardja	1	1.24405350000001	arcgis	59.1691209	25.2102242	TRUE	1.24405350000001	Estonia	Estonia
er	Vardja	1	1.24405350000001	geodump	59.16389	25.22083	TRUE	1.24405350000001	Estonia	Estonia
er	Vardja	1	1.24405350000001	google	58.3289085	25.6140653	TRUE	1.24405350000001	Estonia	Estonia
er	Viimsi vald	4	0.35632690000001	arcgis	59.700193866667	25.017924033333	TRUE	0.35632690000001	Estonia	
er	Viimsi vald	4	0.35632690000001	google	59.528933	24.832858	TRUE	0.35632690000001	Estonia	
er	Väljaküla	1	2.9522992	arcgis	58.1759457	25.0378132	TRUE	0.543207499999998	Estonia	Estonia
er	Väljaküla	1	2.9522992	geodump	58.27999	24.59865	TRUE	0.543207499999998	Estonia	Estonia
er	Vändra-Kurgja	1	0.403150099999998	arcgis	58.55306	24.95667	TRUE	0.403150099999998	Estonia	Estonia
er	Vändra-Kurgja	1	0.403150099999998	google	58.6632324	25.2496477	TRUE	0.403150099999998	Estonia	Estonia
er	Õisu	17	0.6138762	arcgis	58.7586511	25.5655051	TRUE	0.6138762	Estonia	Estonia
er	Õisu	17	0.6138762	geodump	58.19722	25.55028	TRUE	0.6138762	Estonia	Estonia
er	Õisu	17	0.6138762	geonames	58.20917	25.51306	TRUE	0.6138762	Estonia	Estonia
er	Õisu	17	0.6138762	google	58.7580195	25.5636929	TRUE	0.6138762	Estonia	Estonia
er	Лаади (Pärnumaa)	1	0.298822039938997	arcgis	58.427546478695	24.474929838756	TRUE	0.298822039938997	Estonia	Estonia
er	Лаади (Pärnumaa)	1	0.298822039938997	google	58.2697014	24.6159068	TRUE	0.298822039938997	Estonia	Estonia
er	Суурупи [Харьюмаа	1	0.577635399999991	arcgis	59.33333	24.83333	TRUE	0.577635399999991	Estonia	Estonia
er	Суурупи [Харьюмаа	1	0.577635399999991	google	59.4645815	24.3869461	TRUE	0.577635399999991	Estonia	Estonia
er	Эстония	1	0.540385787999998	arcgis	58.672040787	25.477224001	TRUE	0.540385787999998	Estonia	Estonia
er	Эстония	1	0.540385787999998	google	58.595272	25.013607	TRUE	0.540385787999998	Estonia	Estonia
fi	Euroopa Liit	3	16.7141301	geonames	50.83857	4.37599			Finland	Belgium
fi	Finland	3	3.00908617700001	arcgis	64.522512801	26.158834376			Finland	Finland
fi	Finland	3	3.00908617700001	google	61.92411	25.748151			Finland	Finland
fi	Finnland	1	3.00908617700001	arcgis	64.522512801	26.158834376			Finland	Finland
fi	Finnland	1	3.00908617700001	google	61.92411	25.748151			Finland	Finland
fi	Keuruu	5	0.207467181999998	arcgis	62.291477167	24.535884585			Finland	Finland
fi	Keuruu	5	0.207467181999998	geodump	62.26667	24.7			Finland	Finland
fi	Keuruu	5	0.207467181999998	geonames	62.26667	24.7			Finland	Finland
fi	Keuruu	5	0.207467181999998	google	62.2559845	24.7078591			Finland	Finland
fi	Kärkölä	1	1.593032697	arcgis	60.870542397	25.264164113			Finland	Finland
fi	Kärkölä	1	1.593032697	geodump	60.61292	23.94196			Finland	Finland
fi	Kärkölä	1	1.593032697	google	60.8688777	25.2773703			Finland	Finland
fi	Latvia	1	0.348675136000004	arcgis	56.85460987	24.926839006			Finland	Latvia
fi	Latvia	1	0.348675136000004	google	56.879635	24.603189			Finland	Latvia
fi	Parka (Soome)	2	3.00908617700001	arcgis	64.522512801	26.158834376			Finland	Finland
fi	Parka (Soome)	2	3.00908617700001	google	61.92411	25.748151			Finland	Finland
fi	Porvoossa	4	6.404812	arcgis	62.68919	21.55646			Finland	Finland
fi	Porvoossa	4	6.404812	google	60.3931919	25.6652739			Finland	Finland
fi	Rajamäki	4	6.97143472300001	arcgis	64.477477794	27.781663323			Finland	Finland
fi	Rajamäki	4	6.97143472300001	geonames	64.47748	27.78166			Finland	Finland
fi	Rajamäki	4	6.97143472300001	google	60.5256297	24.7620789			Finland	Finland
fi	Sarvela	1	7.00399215800002	arcgis	65.334290632	26.432419426			Finland	Finland
fi	Sarvela	1	7.00399215800002	google	62.170898	22.5918199			Finland	Finland
fi	St. Mikkelissä	1	5.79918250000001	google	61.6885477	27.2722598			Finland	Finland
fi	Suolahti	1	1.48912264099999	arcgis	62.96511499	26.941805751			Finland	Finland
fi	Suolahti	1	1.48912264099999	geodump	62.56421	25.85363			Finland	Finland
fi	Suolahti	1	1.48912264099999	google	62.5679153	25.8535881			Finland	Finland
fi	Suomi	3	3.00908617700001	arcgis	64.522512801	26.158834376			Finland	Finland
fi	Suomi	3	3.00908617700001	google	61.92411	25.748151			Finland	Finland
fi	Tampereella	1	100.3334971	arcgis	21.57438	84.16333			Finland	India
fi	Tampereella	1	100.3334971	google	61.4971456	23.7525985			Finland	Finland
fi	Vammala	1	0.421956460000004	arcgis	60.93403444	22.900699305			Finland	Finland
fi	Vammala	1	0.421956460000004	geodump	61.33333	22.9			Finland	Finland
fi	Vammala	1	0.421956460000004	google	61.3432887	22.9127022			Finland	Finland
fi	Viipuri	1	6.22626250199999	geodump	60.70763	28.75283			Finland	Russia
fi	Viipuri	1	6.22626250199999	google	60.7095622	28.749044			Finland	Russia
fi	Wiborg	1	137.1437752	geodump	60.70763	28.75283			Finland	Russia
fi	Wiborg	1	137.1437752	google	60.7095622	28.749044			Finland	Russia
fi	Финляндия	1	3.00908617700001	arcgis	64.522512801	26.158834376			Finland	Finland
fi	Финляндия	1	3.00908617700001	google	61.92411	25.748151			Finland	Finland
fi	Estland	1	1.391121	arcgis	58.672040787	25.477224001	TRUE	0.540385787999998	Finland	Estonia
fi	Estland	1	1.391121	google	58.595272	25.013607	TRUE	0.540385787999998	Finland	Estonia
fi	Latvia	1	0.348675136000004	arcgis	56.85460987	24.926839006		0.348675136000004	Finland	Latvia
fi	Latvia	1	0.348675136000004	google	56.879635	24.603189		0.348675136000004	Finland	Latvia
fr	Brest	1	31.8809684	arcgis	48.391323734	-4.485052434			France	France
fr	Brest	1	31.8809684	google	48.3899275	-4.4855959			France	France
fr	Montmorency	1	229.510289998	arcgis	48.989498108	2.32076331			France	France
fr	Montmorency	1	229.510289998	geodump	48.98826	2.3434			France	France
fr	Taizé	1	5.205168	arcgis	46.51307	4.67739			France	France
fr	Taizé	1	5.205168	geodump	46.92503	-0.11549			France	France
fr	Taizé	1	5.205168	google	46.5136329	4.677718			France	France
gs	Тифлис	3	103.1957886	google	41.6938026	44.8015168			Georgia (Republic)	Georgia
gw	Altdorf	4	5.22602537899999	google	49.3857441	11.3564271			Germany	Germany
gw	Baden-Baden	10	0.970215800000004	arcgis	48.761793999	8.239951			Germany	Germany
gw	Baden-Baden	10	0.970215800000004	geodump	48.7606	8.23975			Germany	Germany
gw	Baden-Baden	10	0.970215800000004	geonames	48.78232	9.17702			Germany	Germany
gw	Baden-Baden	10	0.970215800000004	google	48.76564	8.2285242			Germany	Germany
gw	Barby	4	26.913391301	arcgis	51.966470999	11.880764			Germany	Germany
gw	Barby	4	26.913391301	geodump	51.96711	11.88261			Germany	Germany
gw	Barmen	2	119.1014013	google	51.2648743	7.182741			Germany	Germany
gw	Berolini	2	13.4674421	google	52.5200066	13.404954			Germany	Germany
gw	Bingen	1	3.229153001	arcgis	48.110737999	9.272341			Germany	Germany
gw	Bingen	1	3.229153001	geodump	49.96675	7.8992			Germany	Germany
gw	Bingen	1	3.229153001	google	49.9667396	7.904596			Germany	Germany
gw	Brandenburg	1	1.445138778	arcgis	52.39759046	13.957703638			Germany	Germany
gw	Brandenburg	1	1.445138778	geodump	52.41667	12.55			Germany	Germany
gw	Brandenburg	1	1.445138778	google	52.4125287	12.5316444			Germany	Germany
gw	Cassel	4	141.44538	geodump	51.31667	9.5			Germany	Germany
gw	Cölln	1	8.118280202	arcgis	49.690649866	7.804659732			Germany	Germany
gw	Cölln	1	8.118280202	google	51.2253343	14.3882555			Germany	Germany
gw	Deutschland [i. e. Hamburg]	1	0.243983778405996	arcgis	53.664492709874	10.115489568532			Germany	Germany
gw	Deutschland [i. e. Hamburg]	1	0.243983778405996	google	53.5488282	9.9871703			Germany	Germany
gw	Döhren	3	1.5414635	arcgis	53.305305999	9.701820001			Germany	Germany
gw	Döhren	3	1.5414635	google	52.4320027	9.0336598			Germany	Germany
gw	Ebenhausen	1	3.46725971599999	arcgis	50.127061474	10.134068758			Germany	Germany
gw	Ebenhausen	1	3.46725971599999	google	47.9793587	11.4536257			Germany	Germany
gw	Eslingena	1	41.0976779	google	48.742178	9.3144229			Germany	Germany
gw	Franckfurth	1	93.8577988	google	50.1109221	8.6821267			Germany	Germany
gw	Geislingen	125	1.354369201	arcgis	48.287955999	8.811353			Germany	Germany
gw	Geislingen	125	1.354369201	geodump	48.62423	9.82736			Germany	Germany
gw	Geislingen	125	1.354369201	geonames	48.62423	9.82736			Germany	Germany
gw	Geislingen	125	1.354369201	google	48.6215162	9.8294482			Germany	Germany
gw	Halle a. S	4	9.23027	arcgis	51.48158	11.97947			Germany	Germany
gw	Heiligenstadt	1	9.34076399999999	geodump	51.37819	10.13744			Germany	Germany
gw	Heiligenstadt	1	9.34076399999999	google	51.3770297	10.1439107			Germany	Germany
gw	Herrnhut	2	112.330299401	arcgis	51.015492	14.743970001			Germany	Germany
gw	Herrnhut	2	112.330299401	geodump	51.01624	14.74381			Germany	Germany
gw	Herrnhut	2	112.330299401	google	51.0172494	14.7406151			Germany	Germany
gw	Holtland	6	1.670846799	arcgis	53.277840999	7.578675999			Germany	Germany
gw	Holtland	6	1.670846799	google	53.2818908	7.5758375			Germany	Germany
gw	Königsberg	15	17.0753433	geonames	50.0808	10.56761			Germany	Germany
gw	Leer	2	67.615553999	arcgis	53.229469999	7.451416			Germany	Germany
gw	Lenningen	1	4.154053001	arcgis	48.551224999	9.472018			Germany	Germany
gw	Lenningen	1	4.154053001	google	48.5553414	9.4682927			Germany	Germany
gw	Libau	2	124.0427511	google	56.5384577	21.0538204			Germany	Latvia
gw	Lilienthal/Bremen	3	0.700738710687995	arcgis	53.530796687429	8.594287176741			Germany	Germany
gw	Lilienthal/Bremen	3	0.700738710687995	google	53.1491282	8.9133574			Germany	Germany
gw	Lümborg	1	158.4707329	geodump	53.2509	10.41409			Germany	Germany
gw	Mitau	6	86.3704188	geodump	56.65	23.71278			Germany	Latvia
gw	Mitau	6	86.3704188	geonames	56.65	23.71278			Germany	Latvia
gw	Mitau	6	86.3704188	google	56.6511478	23.7196411			Germany	Latvia
gw	Märzfeld	1	8.981695799	arcgis	52.875785999	9.067936			Germany	Germany
gw	Neustadt	1	19.2166837	google	49.3501864	8.1486886			Germany	Germany
gw	Newcastle	2	241.3027196	google	54.978252	-1.61778			Germany	UK:Great Britain
gw	Oranienbaum	1	25.476134162	arcgis	51.797868638	12.404767945			Germany	Germany
gw	Oranienbaum	1	25.476134162	google	51.7980617	12.4046472			Germany	Germany
gw	Petersberg	2	20.772038699	arcgis	50.557877999	9.711846001			Germany	Germany
gw	Petersberg	2	20.772038699	google	50.5579247	9.7118496			Germany	Germany
gw	Pfaffenhofen	1	2.5790304	geodump	48.35454	10.16184			Germany	Germany
gw	Pfaffenhofen	1	2.5790304	google	48.5274509	11.5124179			Germany	Germany
gw	Posen	1	115.3879356	geodump	52.40692	16.92993			Germany	Poland
gw	Posen	1	115.3879356	geonames	52.40692	16.92993			Germany	Poland
gw	Posen	1	115.3879356	google	52.4056786	16.9312766			Germany	Poland
gw	Schleswig	4	0.5163669	arcgis	54.514940999	9.566657001			Germany	Germany
gw	Schleswig	4	0.5163669	geodump	54.52156	9.5586			Germany	Germany
gw	Schleswig	4	0.5163669	geonames	54.2	9.75			Germany	Germany
gw	Schleswig	4	0.5163669	google	54.5249669	9.5608476			Germany	Germany
gw	Vitembergae	2	17.0310963	google	51.8704643	12.6411506			Germany	Germany
gw	Weihenstephan	1	0.620033149000006	arcgis	48.627949106	12.113018843			Germany	Germany
gw	Weihenstephan	1	0.620033149000006	google	48.3962435	11.7246913			Germany	Germany
gw	Wittenberg	160	108.859092999	arcgis	51.867002999	12.645554			Germany	Germany
gw	Wittenberg	160	108.859092999	geonames	51.8661	12.64973			Germany	Germany
gw	in Wien	38	106.3747505	geonames	48.22085	16.3785			Germany	Austria
gw	in Wien	38	106.3747505	google	48.2080696	16.3713095			Germany	Austria
gw	Корнталь	1	32.3306513	google	48.8530091	9.1153378			Germany	Germany
gw	С.-Петербург	1	130.4735397	arcgis	59.93863	30.31413			Germany	Russia
gw	С.-Петербург	1	130.4735397	google	59.9310584	30.3609097			Germany	Russia
gw	Estonia	1	1.391121	arcgis	58.672040787	25.477224001	TRUE	0.540385787999998	Germany	Estonia
gw	Estonia	1	1.391121	google	58.595272	25.013607	TRUE	0.540385787999998	Germany	Estonia
hu	Gyoma	6	128.17665093	geodump	46.93333	20.83333			Hungary	Hungary
hu	Gyoma	6	128.17665093	geonames	46.93333	20.83333			Hungary	Hungary
hu	Gyoma	6	128.17665093	google	46.9336929	20.838949			Hungary	Hungary
hu	Pesth	1	8.4012758	arcgis	48.99526	12.193754			Hungary	Germany
hu	Pesth	1	8.4012758	google	47.5002356	19.1000054			Hungary	Hungary
ii	Delhi	2	0.200633800000002	arcgis	28.6324252	77.218791			India	India
ii	Delhi	2	0.200633800000002	geodump	28.65195	77.23149			India	India
ii	Delhi	2	0.200633800000002	google	28.7040592	77.1024902			India	India
it	Itaalia	1	1.22733999999999	arcgis	42.83333	12.83333			Italy	Italy
it	Itaalia	1	1.22733999999999	google	41.87194	12.56738			Italy	Italy
it	Italy	1	100.15562	arcgis	42.83333	12.83333			Italy	Italy
it	Italy	1	100.15562	google	41.87194	12.56738			Italy	Italy
it	San Domenica [Italy]	1	0.963006599999998	arcgis	38.6648109	15.8655732			Italy	
it	San Domenica [Italy]	1	0.963006599999998	google	38.1647807	15.4025968			Italy	Italy:Sicily
it	San Domenico [Italy]	1	1.9962362	arcgis	42.1791961	14.2563601			Italy	Italy
it	San Domenico [Italy]	1	1.9962362	google	41.87194	12.56738			Italy	Italy
ja	Jaapan	2	1.46897399799998	arcgis	36.655226998	139.271495			Japan	Japan:Honshu
ja	Jaapan	2	1.46897399799998	google	36.204824	138.252924			Japan	Japan:Honshu
ja	Japan	2	1.46897399799998	arcgis	36.655226998	139.271495			Japan	Japan:Honshu
ja	Japan	2	1.46897399799998	google	36.204824	138.252924			Japan	Japan:Honshu
kg	Фрунзе	11	111.1853303	geonames	42.87	74.59			Kyrgyzstan	Kyrgyzstan
ko	Taejeon	1	1.60521189999999	arcgis	35.91583	128.55003			Korea (South)	South Korea
ko	Taejeon	1	1.60521189999999	google	36.3577577	127.3867458			Korea (South)	South Korea
kz	Кайнар	1	11.1859078	arcgis	49.7452784	71.0893485			Kazakhstan	Kazakhstan
kz	Фрунзе	1	111.1853303	geonames	42.87	74.59			Kazakhstan	Kyrgyzstan
li	Memel	1	62.3436197	geodump	55.7068	21.13912			Lithuania	Lithuania
li	Memel	1	62.3436197	google	55.7032948	21.1442794			Lithuania	Lithuania
li	Вильна	5	37.6069155	google	54.6871555	25.2796514			Lithuania	Lithuania
lu	Austria	1	0.482574057000001	arcgis	47.585810005	14.137076948			Luxembourg	Austria
lu	Austria	1	0.482574057000001	google	47.516231	14.550072			Luxembourg	Austria
lu	Belgium	4	0.327930364000003	arcgis	50.640682937	4.661070427			Luxembourg	Belgium
lu	Belgium	4	0.327930364000003	google	50.503887	4.469936			Luxembourg	Belgium
lu	Luksemburg	11	0.277947753000001	arcgis	49.776828429	6.092325247			Luxembourg	Luxembourg
lu	Luksemburg	11	0.277947753000001	geodump	49.61167	6.13			Luxembourg	Luxembourg
lu	Luksemburg	11	0.277947753000001	geonames	49.75	6.16667			Luxembourg	Luxembourg
lu	Luksemburg	11	0.277947753000001	google	49.815273	6.129583			Luxembourg	Luxembourg
lu	Luxembourg	1198	0.277947753000001	arcgis	49.776828429	6.092325247			Luxembourg	Luxembourg
lu	Luxembourg	1198	0.277947753000001	geodump	49.61167	6.13			Luxembourg	Luxembourg
lu	Luxembourg	1198	0.277947753000001	geonames	49.75	6.16667			Luxembourg	Luxembourg
lu	Luxembourg	1198	0.277947753000001	google	49.815273	6.129583			Luxembourg	Luxembourg
lu	Luxemburg	4	0.277947753000001	arcgis	49.776828429	6.092325247			Luxembourg	Luxembourg
lu	Luxemburg	4	0.277947753000001	geodump	49.61167	6.13			Luxembourg	Luxembourg
lu	Luxemburg	4	0.277947753000001	geonames	49.75	6.16667			Luxembourg	Luxembourg
lu	Luxemburg	4	0.277947753000001	google	49.815273	6.129583			Luxembourg	Luxembourg
lv	Bruxellae	6	106.8384675	arcgis	50.85045	4.34878			Latvia	Belgium
lv	Bruxellae	6	106.8384675	geodump	50.85045	4.34878			Latvia	Belgium
lv	Bruxellae	6	106.8384675	geonames	50.85045	4.34878			Latvia	Belgium
lv	Latvija	6	0.542201130000002	arcgis	56.85460987	24.926839006			Latvia	Latvia
lv	Latvija	6	0.542201130000002	geonames	57	25			Latvia	Latvia
lv	Latvija	6	0.542201130000002	google	56.879635	24.603189			Latvia	Latvia
lv	Libau	9	124.0427511	google	56.5384577	21.0538204			Latvia	Latvia
lv	Mitau	188	86.3704188	geodump	56.65	23.71278			Latvia	Latvia
lv	Mitau	188	86.3704188	geonames	56.65	23.71278			Latvia	Latvia
lv	Mitau	188	86.3704188	google	56.6511478	23.7196411			Latvia	Latvia
lv	Posen	1	115.3879356	geodump	52.40692	16.92993			Latvia	Poland
lv	Posen	1	115.3879356	geonames	52.40692	16.92993			Latvia	Poland
lv	Posen	1	115.3879356	google	52.4056786	16.9312766			Latvia	Poland
lv	Rigæ	1	51.4679307	google	56.9676941	24.1056221			Latvia	Latvia
lv	Latvija	6	0.542201130000002	arcgis	56.85460987	24.926839006		0.542201130000002	Latvia	Latvia
lv	Latvija	6	0.542201130000002	geonames	57	25		0.542201130000002	Latvia	Latvia
lv	Latvija	6	0.542201130000002	google	56.879635	24.603189		0.542201130000002	Latvia	Latvia
lv	Läti	4	3.09220113	arcgis	56.85460987	24.926839006	TRUE	3.09220113	Latvia	Latvia
lv	Läti	4	3.09220113	geonames	57	25	TRUE	3.09220113	Latvia	Latvia
lv	Läti	4	3.09220113	google	56.879635	24.603189	TRUE	3.09220113	Latvia	Latvia
mx	Mexico	1	7.94947899	arcgis	23.95282499	-102.548353419			Mexico	Mexico
mx	Mexico	1	7.94947899	geodump	19.42847	-99.12766			Mexico	Mexico
mx	Mexico	1	7.94947899	google	23.634501	-102.552784			Mexico	Mexico
mx	México	2	7.94947899	arcgis	23.95282499	-102.548353419			Mexico	Mexico
mx	México	2	7.94947899	geodump	19.42847	-99.12766			Mexico	Mexico
mx	México	2	7.94947899	google	23.634501	-102.552784			Mexico	Mexico
ne	Breda [Madalmaad]	1	74.0869319	google	51.5719149	4.768323			Netherlands	Netherlands
ne	Eerde	1	108.6006375	google	51.6047889	5.4970965			Netherlands	Netherlands
ne	Nederland	1	123.414951691	arcgis	52.249375293	5.616126398			Netherlands	Netherlands
ne	Nederland	1	123.414951691	google	52.132633	5.291266			Netherlands	Netherlands
no	Bergen	1	11.292780138	geodump	60.39299	5.32415			Norway	Norway
no	Bergen	1	11.292780138	google	60.3912628	5.3220544			Norway	Norway
no	Fredericia	1	107.3006548	arcgis	55.56568	9.753665			Norway	
no	Fredericia	1	107.3006548	google	55.5689298	9.749517			Norway	
pl	Braunsberg	1	13.2105327	google	54.3797128	19.8200536			Poland	Poland
pl	Dantzig	1	22.5064645	google	54.3520252	18.6466384			Poland	Poland
pl	Elbing	5	132.6399213	geodump	54.1522	19.40884			Poland	Poland
pl	Elbing	5	132.6399213	google	54.1560613	19.4044897			Poland	Poland
pl	Marienwerder	1	6.214834001	geodump	53.72495	18.93114			Poland	Poland
pl	Poola	1	1.059216154	arcgis	52.123790154	19.398768986			Poland	Poland
pl	Poola	1	1.059216154	geonames	52	20			Poland	Poland
pl	Poola	1	1.059216154	google	51.919438	19.145136			Poland	Poland
pl	Posen	7	115.3879356	geodump	52.40692	16.92993			Poland	Poland
pl	Posen	7	115.3879356	geonames	52.40692	16.92993			Poland	Poland
pl	Posen	7	115.3879356	google	52.4056786	16.9312766			Poland	Poland
pl	Thorn	5	14.60855	geodump	53.01375	18.59814			Poland	Poland
pl	W Warszawie	1	0.555920658999995	arcgis	51.970860874	21.309334633			Poland	Poland
pl	W Warszawie	1	0.555920658999995	google	52.2296756	21.0122287			Poland	Poland
pl	Wołowiec	1	6.78398049	arcgis	51.297243936	18.987463446			Poland	Poland
pl	Wołowiec	1	6.78398049	google	49.2075148	19.7630918			Poland	Poland
pl	Wrocław-Wojnowice	1	0.487694212642001	arcgis	51.178627270919	16.880766358277			Poland	Poland
pl	Wrocław-Wojnowice	1	0.487694212642001	google	51.0634699	17.2533032			Poland	Poland
po	Portugal	1	0.48862603600001	arcgis	39.593139046	-8.51981299			Portugal	Portugal
po	Portugal	1	0.48862603600001	google	39.399872	-8.224454			Portugal	Portugal
pr	Ponce	1	20.7877983	arcgis	18.0126282	-66.6260381			Puerto Rico	Puerto Rico
pr	Ponce	1	20.7877983	geodump	23.03811	-82.37703			Puerto Rico	Cuba
pr	Ponce	1	20.7877983	google	18.0033124	-66.6240293			Puerto Rico	Puerto Rico
ru	Königsberg	67	17.0753433	geodump	54.70649	20.51095			Russia (Federation)	Russia:32
ru	Königsberg	67	17.0753433	google	54.7104264	20.4522144			Russia (Federation)	Russia:32
ru	Venemaa	113	10.502910649	arcgis	61.989526183	96.805371534			Russia (Federation)	Russia
ru	Venemaa	113	10.502910649	geonames	60	100			Russia (Federation)	Russia
ru	Venemaa	113	10.502910649	google	61.52401	105.318756			Russia (Federation)	Russia
ru	Wiborg	2	137.1437752	geodump	60.70763	28.75283			Russia (Federation)	Russia
ru	Wiborg	2	137.1437752	google	60.7095622	28.749044			Russia (Federation)	Russia
ru	Вятка	4	62.3210469	arcgis	58.4665992	35.6696523			Russia (Federation)	Russia
ru	Вятка	4	62.3210469	geonames	55.3462	94.8703			Russia (Federation)	Russia
ru	Вятка	4	62.3210469	google	57.5064405644356	50.3988088013111			Russia (Federation)	Russia
ru	Калинин	2	51.903562	geodump	56.85836	35.90057			Russia (Federation)	Russia
ru	Келломяки	1	6.09560399999999	google	60.1837907	29.8100847			Russia (Federation)	Russia
ru	Куйбышев	1	30.439015	arcgis	55.4442833	78.3414332			Russia (Federation)	Russia
ru	Куйбышев	1	30.439015	geodump	53.20007	50.15			Russia (Federation)	Russia
ru	Куйбышев	1	30.439015	google	55.4476518	78.3113874			Russia (Federation)	Russia
ru	Ленинград	818	1.7548116	arcgis	59.93863	30.31413			Russia (Federation)	Russia
ru	Ленинград	818	1.7548116	geodump	59.93863	30.31413			Russia (Federation)	Russia
ru	Ленинград	818	1.7548116	geonames	60	32			Russia (Federation)	Russia
ru	Ленинград	818	1.7548116	google	59.9310584	30.3609097			Russia (Federation)	Russia
ru	Малаховка	2	18.6535426	arcgis	52.5042174	53.5158248			Russia (Federation)	Russia
ru	Малаховка	2	18.6535426	geodump	55.64776	38.02486			Russia (Federation)	Russia
ru	Малаховка	2	18.6535426	google	55.6461657	38.0058248			Russia (Federation)	Russia
ru	Порт-Артур	1	83.7550244	arcgis	44.1931636	42.9048092			Russia (Federation)	Russia
ru	Пушкин	26	29.3834837	arcgis	59.7218437	30.4162159			Russia (Federation)	Russia
ru	Пушкин	26	29.3834837	geodump	59.71417	30.39642			Russia (Federation)	Russia
ru	Пушкин	26	29.3834837	geonames	43.0124	43.07046			Russia (Federation)	Russia
ru	Россия	3	8.978900649	arcgis	61.989526183	96.805371534			Russia (Federation)	Russia
ru	Россия	3	8.978900649	google	61.52401	105.318756			Russia (Federation)	Russia
ru	С.-Петербург	1815	130.4735397	arcgis	59.93863	30.31413			Russia (Federation)	Russia
ru	С.-Петербург	1815	130.4735397	google	59.9310584	30.3609097			Russia (Federation)	Russia
sa	Kimberley	1	107.760862968	geodump	-28.73226	24.76232			South Africa	South Africa
sa	Kimberley	1	107.760862968	google	-28.7435198	24.7626077			South Africa	South Africa
sp	España	3	154.327757	arcgis	40.22794966	-3.646063105			Spain	Spain
sp	España	3	154.327757	google	40.463667	-3.74922			Spain	Spain
sp	Granada	1	83.094682306	geodump	37.18817	-3.60667			Spain	Spain
sp	Granada	1	83.094682306	google	37.1824607	-3.6011676			Spain	Spain
sp	Valencia	2	96.943829	arcgis	39.4702393	-0.3768049			Spain	Spain
sp	Valencia	2	96.943829	google	39.4738338	-0.3756348			Spain	Spain
sp	Zaragoza	2	125.2784225	arcgis	41.656837	-0.8794245			Spain	Spain
sp	Zaragoza	2	125.2784225	google	41.6474339	-0.8861451			Spain	Spain
sw	Aneby	1	6.1985611	arcgis	57.865806953632	14.795249197651			Sweden	Sweden
sw	Aneby	1	6.1985611	google	57.838521	14.8178021			Sweden	Sweden
sw	Enskede	2	18.2006519	google	59.2762834	18.0385285			Sweden	Sweden
sw	Holmiae	4	10.8662473	google	59.3293235	18.0685808			Sweden	
sw	Hälsingborg	2	14.9200893	arcgis	56.04673	12.69437			Sweden	Sweden
sw	Hälsingborg	2	14.9200893	geodump	56.04673	12.69437			Sweden	Sweden
sw	Hälsingborg	2	14.9200893	google	64.1386294	19.5225599			Sweden	Sweden
sw	Hälsingborg [Rootsi]	2	14.9200893	arcgis	56.04673	12.69437			Sweden	Sweden
sw	Hälsingborg [Rootsi]	2	14.9200893	google	64.1386294	19.5225599			Sweden	Sweden
sw	Högbacka	1	8.067016705	google	61.0124335	16.9784249			Sweden	Sweden
sw	Kungälv	1	0.288603964786995	arcgis	57.87764086807	11.699822903283			Sweden	
sw	Kungälv	1	0.288603964786995	geodump	57.87096	11.98054			Sweden	Sweden
sw	Kungälv	1	0.288603964786995	google	57.869754	11.9740317			Sweden	Sweden
sw	Mores (Suecia)	1	4.72933959999999	arcgis	60.5542881	14.3402885			Sweden	Sweden
sw	Mores (Suecia)	1	4.72933959999999	google	60.128161	18.643501			Sweden	
sw	Olofsborg	1	19.3931226	arcgis	56.9140304	14.4578549			Sweden	Sweden
sw	Röhsska	1	28.7361483	google	57.6999471	11.9734108			Sweden	Sweden
sw	Stärholmen	1	24.7922266	google	58.9166667	11.1916667			Sweden	Sweden
sw	Sundsvall	4	0.274948999999999	arcgis	62.3908358	17.3069157			Sweden	Sweden
sw	Sundsvall	4	0.274948999999999	geodump	62.39129	17.3063			Sweden	Sweden
sw	Sundsvall	4	0.274948999999999	geonames	62.52813	17.44393			Sweden	Sweden
sw	Sundsvall	4	0.274948999999999	google	62.390811	17.306927			Sweden	Sweden
sw	Sverige	6	5.96743759099999	arcgis	64.712585547	17.260487956			Sweden	Sweden
sw	Sweden	1	5.96743759099999	arcgis	64.712585547	17.260487956			Sweden	Sweden
sw	Söderköping	3	0.490734591177006	geodump	58.48057	16.32221			Sweden	Sweden
sw	Söderköping	3	0.490734591177006	google	58.4759013	16.3234307			Sweden	Sweden
sw	Söderköping [Rootsi	1	0.484845191177001	google	58.4759013	16.3234307			Sweden	Sweden
sw	Viborg	1	23.612086	arcgis	56.4531219	9.4020121			Sweden	Denmark
sw	Viborg	1	23.612086	geonames	56.45319	9.40201			Sweden	Denmark
sw	Viborg	1	23.612086	google	56.452027	9.396347			Sweden	Denmark
sw	Väsby	1	9.5679718	geodump	59.51839	17.91128			Sweden	Sweden
sw	Väsby	1	9.5679718	google	59.51961	17.92834			Sweden	Sweden
sw	Wästerås	3	102.3605464	google	59.6099005	16.5448091			Sweden	Sweden
sw	Ystad	6	0.224574292042995	arcgis	55.354998371668	13.969943463711			Sweden	
sw	Ystad	6	0.224574292042995	geodump	55.42966	13.82041			Sweden	Sweden
sw	Ystad	6	0.224574292042995	geonames	55.42966	13.82041			Sweden	Sweden
sw	Ystad	6	0.224574292042995	google	55.4295051	13.8200308			Sweden	Sweden
sw	Åhus	5	155.5812291	arcgis	55.9228728	14.294172			Sweden	Sweden
sw	Åhus	5	155.5812291	geodump	55.91667	14.28333			Sweden	Sweden
sw	Åhus	5	155.5812291	google	55.9250391	14.2979949			Sweden	Sweden
sw	Åland	1	99.2629182	google	60.1785247	19.9156105			Sweden	Finland:Aland Islands:Fasta Aland
sw	Ленинград	1	1.7548116	arcgis	59.93863	30.31413			Sweden	Russia
sw	Ленинград	1	1.7548116	geodump	59.93863	30.31413			Sweden	Russia
sw	Ленинград	1	1.7548116	geonames	60	32			Sweden	Russia
sw	Ленинград	1	1.7548116	google	59.9310584	30.3609097			Sweden	Russia
sw	Estland	1	1.391121	arcgis	58.672040787	25.477224001	TRUE	0.540385787999998	Sweden	Estonia
sw	Estland	1	1.391121	google	58.595272	25.013607	TRUE	0.540385787999998	Sweden	Estonia
sz	Altdorf	1	5.22602537899999	arcgis	46.878408841	8.63860988			Switzerland	Switzerland
sz	Altdorf	1	5.22602537899999	geonames	46.88042	8.64441			Switzerland	Switzerland
sz	Baden-Baden	1	0.970215800000004	arcgis	48.761793999	8.239951			Switzerland	Germany
sz	Baden-Baden	1	0.970215800000004	geodump	48.7606	8.23975			Switzerland	Germany
sz	Baden-Baden	1	0.970215800000004	geonames	48.78232	9.17702			Switzerland	Germany
sz	Baden-Baden	1	0.970215800000004	google	48.76564	8.2285242			Switzerland	Germany
sz	Cambridge	1	81.066658035	arcgis	52.204875135	0.119708587			Switzerland	UK:Great Britain
sz	Cambridge	1	81.066658035	geodump	52.2	0.11667			Switzerland	UK:Great Britain
sz	Cambridge	1	81.066658035	google	52.1950788	0.1312729			Switzerland	UK:Great Britain
sz	Cham	17	132.1921261	google	47.181225	8.4592089			Switzerland	Switzerland
sz	Luxembourg	1	0.277947753000001	arcgis	49.776828429	6.092325247			Switzerland	Luxembourg
sz	Luxembourg	1	0.277947753000001	geodump	49.61167	6.13			Switzerland	Luxembourg
sz	Luxembourg	1	0.277947753000001	geonames	49.75	6.16667			Switzerland	Luxembourg
sz	Luxembourg	1	0.277947753000001	google	49.815273	6.129583			Switzerland	Luxembourg
un	Украина	1	0.856811428000004	arcgis	49.026898375	31.374926053			Ukraine	Ukraine
un	Украина	1	0.856811428000004	google	48.379433	31.16558			Ukraine	Ukraine
xr	V Praze	1	19.843542308982	google	50.0755381	14.4378005			Czech Republic	Czech Republic
xx	USA	1	102.882141056	arcgis	39.398703156	-99.41461919			No place, unknown, or undetermined	USA
xx	USA	1	102.882141056	geodump	35.40888	-80.58158			No place, unknown, or undetermined	USA
xx	USA	1	102.882141056	google	38.7945952	-106.5348379			No place, unknown, or undetermined	USA
xx	United States	1	102.882141056	arcgis	39.398703156	-99.41461919			No place, unknown, or undetermined	USA
xx	United States	1	102.882141056	geonames	-14.60485	-57.65625			No place, unknown, or undetermined	Brazil
xx	United States	1	102.882141056	google	38.7945952	-106.5348379			No place, unknown, or undetermined	USA
xx	V Praze	1	19.843542308982	google	50.0755381	14.4378005			No place, unknown, or undetermined	Czech Republic
xxc	Alberta	1	3.301699946	arcgis	55.169509257	-114.511042211			Canada	Canada
xxc	Alberta	1	3.301699946	google	53.9332706	-116.5765035			Canada	Canada
xxc	Canada	9	52.81045	arcgis	60.10867	-113.64258			Canada	Canada
xxc	Canada	9	52.81045	geonames	60.10867	-113.64258			Canada	Canada
xxc	Canada	9	52.81045	google	56.130366	-106.346771			Canada	Canada
xxc	Connecticut	2	0.379161062000001	arcgis	41.57350273	-72.738305908			Canada	USA
xxc	Connecticut	2	0.379161062000001	google	41.6032207	-73.087749			Canada	USA
xxc	Elora	1	43.6218003	google	43.683715	-80.4305427			Canada	Canada
xxc	Hamilton	4	336.170313406	geodump	43.25011	-79.84963			Canada	Canada
xxc	Jõekääru (Kanada)	1	11.274113	arcgis	60.10867	-113.64258			Canada	Canada
xxc	Jõekääru (Kanada)	1	11.274113	google	56.130366	-106.346771			Canada	Canada
xxc	Kanada	59	304.94955	arcgis	60.10867	-113.64258			Canada	Canada
xxc	Kanada	59	304.94955	geonames	60.10867	-113.64258			Canada	Canada
xxc	Kanada	59	304.94955	google	56.130366	-106.346771			Canada	Canada
xxc	Kotka-Järve (Kanada)	1	44.01306	arcgis	54.45635	-113.9636			Canada	Canada
xxc	Kotka-Järve (Kanada)	1	44.01306	google	45.20113	-79.20576			Canada	Canada
xxc	Kotkajärve	2	119.033289651	google	45.20113	-79.20576			Canada	Canada
xxc	Kotkajärve(Kanada)	1	11.274113	arcgis	60.10867	-113.64258			Canada	Canada
xxc	Kotkajärve(Kanada)	1	11.274113	google	56.130366	-106.346771			Canada	Canada
xxc	Markham	1	87.838924	arcgis	43.856186	-79.33675			Canada	Canada
xxc	Markham	1	87.838924	google	43.8599076	-79.3349945			Canada	Canada
xxc	Mississaugas	1	1.04206599999998	arcgis	43.58882	-79.644378			Canada	Canada
xxc	Mississaugas	1	1.04206599999998	google	42.999085	-80.096709			Canada	Canada
xxc	Moonstone (Kanada)	1	38.15809	arcgis	44.65529	-79.663757			Canada	Canada
xxc	Moonstone (Kanada)	1	38.15809	google	56.130366	-106.346771			Canada	Canada
xxc	Nelson (B.C.)	4	10.7419962	arcgis	49.492731	-117.293732			Canada	Canada
xxc	Nelson (B.C.)	4	10.7419962	google	49.4928119	-117.2948343			Canada	Canada
xxc	Ontario	2	55.442685	arcgis	50.926163435	-84.74493			Canada	Canada
xxc	Ontario	2	55.442685	geonames	43.70643	-79.39864			Canada	Canada
xxc	Ontario	2	55.442685	google	51.253775	-85.3232139			Canada	Canada
xxc	Québec	2	7.11160606600001	arcgis	53.38260342	-71.748742246			Canada	Canada
xxc	Seedrioru	5	188.1074932	google	43.6311346	-80.4641056			Canada	Canada
xxc	Seedrioru (Kanada)	1	49.6560098	arcgis	60.10867	-113.64258			Canada	Canada
xxc	Seedrioru (Kanada)	1	49.6560098	google	43.6311346	-80.4641056			Canada	Canada
xxc	Seedriorus [Kanada]	2	11.274113	arcgis	60.10867	-113.64258			Canada	Canada
xxc	Seedriorus [Kanada]	2	11.274113	google	56.130366	-106.346771			Canada	Canada
xxc	USA	1	102.882141056	arcgis	39.398703156	-99.41461919			Canada	USA
xxc	USA	1	102.882141056	geodump	35.40888	-80.58158			Canada	USA
xxc	USA	1	102.882141056	google	38.7945952	-106.5348379			Canada	USA
xxc	Victoria (B.C.)	5	355.8873951	arcgis	48.428409	-123.365642			Canada	Canada:Vancouver Island
xxc	Victoria (B.C.)	5	355.8873951	google	48.4284207	-123.3656444			Canada	Canada:Vancouver Island
xxc	Warkworth	1	268.0243083	arcgis	-36.395241285	174.654768138			Canada	New Zealand:North Island
xxc	Warkworth	1	268.0243083	google	-36.3970407	174.6605976			Canada	New Zealand:North Island
xxk	Abingdon	3	95.6558247	arcgis	51.6700706	-1.2850126			United Kingdom	UK:Great Britain
xxk	Abingdon	3	95.6558247	geodump	51.67109	-1.28278			United Kingdom	UK:Great Britain
xxk	Brookfield	1	1.50435499999999	arcgis	43.060789	-88.119216			United Kingdom	USA
xxk	Brookfield	1	1.50435499999999	geodump	41.82392	-87.85173			United Kingdom	USA
xxk	Brookfield	1	1.50435499999999	geonames	43.06057	-88.10648			United Kingdom	USA
xxk	Burlington	2	7.59109100000001	geodump	36.09569	-79.4378			United Kingdom	USA
xxk	Cambridge	22	81.066658035	arcgis	52.204875135	0.119708587			United Kingdom	UK:Great Britain
xxk	Cambridge	22	81.066658035	geodump	52.2	0.11667			United Kingdom	UK:Great Britain
xxk	Cambridge	22	81.066658035	google	52.1950788	0.1312729			United Kingdom	UK:Great Britain
xxk	Cardiff [et al.]	2	101.6029181	google	51.483707	-3.1680962			United Kingdom	UK:Great Britain
xxk	England	6	108.844570975495	arcgis	52.594120675495	-1.464804237047			United Kingdom	UK:Great Britain
xxk	England	6	108.844570975495	google	52.3555177	-1.1743197			United Kingdom	UK:Great Britain
xxk	Great Britain	1	3.436077851	arcgis	53.408386605	-1.969559544			United Kingdom	UK:Great Britain
xxk	Great Britain	1	3.436077851	google	55.378051	-3.435973			United Kingdom	UK:Great Britain
xxk	India	1	83.816152548	arcgis	23.379379735	79.443326548			United Kingdom	India
xxk	India	1	83.816152548	geonames	22	79			United Kingdom	India
xxk	India	1	83.816152548	google	20.593684	78.96288			United Kingdom	India
xxk	Inglismaa	2	0.666267400000003	arcgis	52.16045	-0.70312			United Kingdom	UK:Great Britain
xxk	Inglismaa	2	0.666267400000003	google	52.3555177	-1.1743197			United Kingdom	UK:Great Britain
xxk	Kent (England)	1	0.259155199999996	arcgis	51.23667	0.72393			United Kingdom	UK:Great Britain
xxk	Kent (England)	1	0.259155199999996	google	51.0928319	0.8392471			United Kingdom	UK:Great Britain
xxk	Malden	1	81.0541836	geodump	51.7311	0.67463			United Kingdom	UK:Great Britain
xxk	Netherlands	2	0.441602691000002	arcgis	52.249375293	5.616126398			United Kingdom	Netherlands
xxk	Netherlands	2	0.441602691000002	google	52.132633	5.291266			United Kingdom	Netherlands
xxk	Newcastle	1	241.3027196	google	54.978252	-1.61778			United Kingdom	UK:Great Britain
xxk	Oxford	15	268.2599463	arcgis	51.751982637	-1.257628796			United Kingdom	UK:Great Britain
xxk	Oxford	15	268.2599463	geodump	51.75222	-1.25596			United Kingdom	UK:Great Britain
xxk	Oxford	15	268.2599463	google	51.7520209	-1.2577263			United Kingdom	UK:Great Britain
xxk	Richmond	3	135.9647904	google	51.4613262	-0.3035268			United Kingdom	UK:Great Britain
xxk	Suurbritannia	4	3.436077851	arcgis	53.408386605	-1.969559544			United Kingdom	UK:Great Britain
xxk	Suurbritannia	4	3.436077851	geonames	54.75844	-2.69531			United Kingdom	UK:Great Britain
xxk	Suurbritannia	4	3.436077851	google	55.378051	-3.435973			United Kingdom	UK:Great Britain
xxk	U.S.	1	7.724326666	arcgis	39.398703156	-99.41461919			United Kingdom	USA
xxk	U.S.	1	7.724326666	google	38.7945952	-106.5348379			United Kingdom	USA
xxk	USA	1	102.882141056	arcgis	39.398703156	-99.41461919			United Kingdom	USA
xxk	USA	1	102.882141056	geodump	35.40888	-80.58158			United Kingdom	USA
xxk	USA	1	102.882141056	google	38.7945952	-106.5348379			United Kingdom	USA
xxk	United Kingdom	4	3.436077851	arcgis	53.408386605	-1.969559544			United Kingdom	UK:Great Britain
xxk	United Kingdom	4	3.436077851	geonames	54.75844	-2.69531			United Kingdom	UK:Great Britain
xxk	United Kingdom	4	3.436077851	google	55.378051	-3.435973			United Kingdom	UK:Great Britain
xxk	Šotimaa	1	22.6708646	google	56.4906712	-4.2026458			United Kingdom	UK:Great Britain
xxk	Eesti	1	1.391121	arcgis	58.672040787	25.477224001	TRUE	0.540385787999998	United Kingdom	Estonia
xxk	Eesti	1	1.391121	google	58.595272	25.013607	TRUE	0.540385787999998	United Kingdom	Estonia
xxu	Ameerika Ühendriigid	2	7.724326666	arcgis	39.398703156	-99.41461919			United States	USA
xxu	Ameerika Ühendriigid	2	7.724326666	google	38.7945952	-106.5348379			United States	USA
xxu	Andover	1	78.2114575	google	42.6583356	-71.1367953			United States	USA
xxu	Bayside	2	297.4951292	arcgis	40.76844	-73.77708			United States	USA:New York:Long Island
xxu	Bayside	2	297.4951292	geodump	40.76844	-73.77708			United States	USA:New York:Long Island
xxu	Bloomington	14	12.7155053	arcgis	44.826255	-93.303856			United States	USA
xxu	Bloomington	14	12.7155053	geodump	44.8408	-93.29828			United States	USA
xxu	Bloomington	14	12.7155053	geonames	45.10336	-93.27531			United States	USA
xxu	Bloomington	14	12.7155053	google	39.165325	-86.5263857			United States	USA
xxu	Brookfield	1	1.50435499999999	arcgis	43.060789	-88.119216			United States	USA
xxu	Brookfield	1	1.50435499999999	geodump	41.82392	-87.85173			United States	USA
xxu	Brookfield	1	1.50435499999999	geonames	43.06057	-88.10648			United States	USA
xxu	Brooklyn (N.Y.)	19	0.969873700000001	arcgis	40.692529	-73.990996			United States	USA:New York:Long Island
xxu	Brooklyn (N.Y.)	19	0.969873700000001	google	40.6781784	-73.9441579			United States	USA:New York:Long Island
xxu	Burlington	1	7.59109100000001	geodump	36.09569	-79.4378			United States	USA
xxu	California	1	44.836776707	arcgis	36.374105693	-119.27023			United States	USA
xxu	California	1	44.836776707	geodump	38.3004	-76.50745			United States	USA
xxu	California	1	44.836776707	google	36.778261	-119.4179324			United States	USA
xxu	Columbia	4	38.058649272	geodump	34.00071	-81.03481			United States	USA
xxu	Connecticut	1	0.379161062000001	arcgis	41.57350273	-72.738305908			United States	USA
xxu	Connecticut	1	0.379161062000001	google	41.6032207	-73.087749			United States	USA
xxu	Englewood	1	55.9405827	arcgis	40.893635	-73.974372			United States	USA
xxu	Englewood	1	55.9405827	geodump	47.5301	-122.03262			United States	USA
xxu	Englewood	1	55.9405827	google	39.6477653	-104.9877597			United States	USA
xxu	Great Britain	1	3.436077851	arcgis	53.408386605	-1.969559544			United States	UK:Great Britain
xxu	Great Britain	1	3.436077851	google	55.378051	-3.435973			United States	UK:Great Britain
xxu	Hillsborough	1	20.1891621	arcgis	40.504569	-74.67298			United States	USA
xxu	Hillsborough	1	20.1891621	geodump	40.4776	-74.62682			United States	USA
xxu	Hillsborough	1	20.1891621	google	27.9903597	-82.3017728			United States	USA
xxu	Hillsborough (USA)	1	8.8559054	arcgis	40.504569	-74.67298			United States	USA
xxu	Hillsborough (USA)	1	8.8559054	google	36.0754183	-79.0997347			United States	USA
xxu	Huntsville	1	17.9665782	arcgis	34.7295402	-86.5853044			United States	USA
xxu	Huntsville	1	17.9665782	geodump	34.7304	-86.58594			United States	USA
xxu	Kanada	1	304.94955	arcgis	60.10867	-113.64258			United States	Canada
xxu	Kanada	1	304.94955	geonames	60.10867	-113.64258			United States	Canada
xxu	Kanada	1	304.94955	google	56.130366	-106.346771			United States	Canada
xxu	Kempton [USA]	1	12.6949322	arcgis	40.93571	-88.237848			United States	USA
xxu	Kempton [USA]	1	12.6949322	google	40.6262044	-75.8524214			United States	USA
xxu	Lakewood	20	61.6203234	arcgis	40.0899122	-74.2162697			United States	USA
xxu	Lakewood	20	61.6203234	geodump	39.70471	-105.08137			United States	USA
xxu	Lakewood	20	61.6203234	geonames	47.17176	-122.51846			United States	USA
xxu	Lakewood	20	61.6203234	google	33.8536269	-118.1339563			United States	USA
xxu	Loveland	1	21.9372547	arcgis	40.394386	-105.070584			United States	USA
xxu	Loveland	1	21.9372547	geodump	39.26895	-84.26383			United States	USA
xxu	Loveland	1	21.9372547	google	40.395451	-105.0745837			United States	USA
xxu	Massachusetts	2	0.384287976000003	arcgis	42.358670324	-71.718185			United States	USA
xxu	Massachusetts	2	0.384287976000003	google	42.4072107	-71.3824374			United States	USA
xxu	Middletown	1	13.798205	arcgis	39.515749	-84.4022819			United States	USA
xxu	Middletown	1	13.798205	geodump	40.39428	-74.11709			United States	USA
xxu	Middletown	1	13.798205	google	41.5623209	-72.6506488			United States	USA
xxu	Minnesota	1	3.95550241700001	arcgis	46.348855766	-94.200790583			United States	USA
xxu	Minnesota	1	3.95550241700001	geodump	44.55885	-95.98559			United States	USA
xxu	Minnesota	1	3.95550241700001	google	46.729553	-94.6858998			United States	USA
xxu	New Jersey	1	13.557420447	arcgis	39.613348353	-74.728565			United States	USA
xxu	New Jersey	1	13.557420447	geodump	41.94394	-85.63249			United States	USA
xxu	New Jersey	1	13.557420447	google	40.0583238	-74.4056612			United States	USA
xxu	Ohio	2	0.200138115000009	arcgis	40.413056799	-82.711215186			United States	USA
xxu	Ohio	2	0.200138115000009	google	40.4172871	-82.907123			United States	USA
xxu	Ontario	2	55.442685	geodump	34.06334	-117.65089			United States	USA
xxu	Philadelphia (Wilmington)	1	0.519160323827997	arcgis	39.770002365021	-75.501800288849			United States	USA
xxu	Philadelphia (Wilmington)	1	0.519160323827997	google	39.9525839	-75.1652215			United States	USA
xxu	Pierre (S.Dak.)	1	39.1655948	arcgis	24.916416	-80.638529			United States	USA:13
xxu	Pierre (S.Dak.)	1	39.1655948	google	44.3667876	-100.3537522			United States	USA
xxu	Prospect Heights	1	17.0267996	arcgis	42.09708	-87.934353			United States	USA
xxu	Prospect Heights	1	17.0267996	geodump	40.74726	-89.57398			United States	USA
xxu	Prospect Heights	1	17.0267996	google	40.6774196	-73.9668408			United States	USA:New York:Long Island
xxu	Queens Village (New Jersey)	2	15.0200059	google	40.7156628	-73.7419017			United States	USA:New York:Long Island
xxu	Richmond	5	135.9647904	arcgis	37.540759	-77.433932			United States	USA
xxu	Richmond	5	135.9647904	geodump	37.55376	-77.46026			United States	USA
xxu	Richmond	5	135.9647904	geonames	37.93576	-122.34775			United States	USA
xxu	Richmond [USA]	4	45.3088534	arcgis	37.540759	-77.433932			United States	USA
xxu	Richmond [USA]	4	45.3088534	geonames	37.93576	-122.34775			United States	USA
xxu	Richmond [USA]	4	45.3088534	google	37.5407246	-77.4360481			United States	USA
xxu	Rochester	1	15.7145715	arcgis	44.019331	-92.458867			United States	USA
xxu	Rochester	1	15.7145715	geodump	43.15478	-77.61556			United States	USA
xxu	Rochester	1	15.7145715	google	43.1565779	-77.6088465			United States	USA
xxu	San Francisco	15	58.9116286	arcgis	37.7800771	-122.4201615			United States	USA
xxu	San Francisco	15	58.9116286	geodump	37.77493	-122.41942			United States	USA
xxu	San Francisco	15	58.9116286	google	37.7749295	-122.4194155			United States	USA
xxu	Santa Ana	2	258.174419	arcgis	33.749738	-117.869781			United States	USA
xxu	Santa Ana	2	258.174419	google	33.7454725	-117.867653			United States	USA
xxu	Seabrook	2	60.0417999	arcgis	38.973912	-76.85665			United States	USA
xxu	Seaside	1	42.0011263	arcgis	36.6043499	-121.8546353			United States	USA
xxu	Seaside	1	42.0011263	geodump	36.61107	-121.85162			United States	USA
xxu	Seaside	1	42.0011263	google	30.3216504	-86.1429286			United States	USA
xxu	Takoma Park (Cal.)	2	43.1990833	arcgis	39.061819	-120.122629			United States	USA
xxu	Takoma Park (Cal.)	2	43.1990833	google	38.9778882	-77.0074765			United States	USA
xxu	U.S.A.	1	7.724326666	arcgis	39.398703156	-99.41461919			United States	USA
xxu	U.S.A.	1	7.724326666	google	38.7945952	-106.5348379			United States	USA
xxu	USA	83	102.882141056	arcgis	39.398703156	-99.41461919			United States	USA
xxu	USA	83	102.882141056	geodump	35.40888	-80.58158			United States	USA
xxu	USA	83	102.882141056	google	38.7945952	-106.5348379			United States	USA
xxu	United States	12	102.882141056	arcgis	39.398703156	-99.41461919			United States	USA
xxu	United States	12	102.882141056	google	38.7945952	-106.5348379			United States	USA
xxu	United States of America	2	7.724326666	arcgis	39.398703156	-99.41461919			United States	USA
xxu	United States of America	2	7.724326666	google	38.7945952	-106.5348379			United States	USA
xxu	Washington	52	52.5792382	arcgis	38.8920621	-77.0199124			United States	USA
xxu	Washington	52	52.5792382	geodump	38.89511	-77.03637			United States	USA
xxu	Washington	52	52.5792382	geonames	38.89511	-77.03637			United States	USA
xxu	Washington	52	52.5792382	google	47.7510741	-120.7401386			United States	USA
xxu	Woodsville	3	55.2283849	arcgis	44.1421692	-72.0293451			United States	USA
xxu	Woodsville	3	55.2283849	geodump	36.09356	-119.199			United States	USA
xxu	Woodsville	3	55.2283849	geonames	44.15229	-72.03731			United States	USA
xxu	Woodsville	3	55.2283849	google	44.1512867	-72.0367187			United States	USA
